NOM;EQ_GESTIONNAIRE;NUMERO;LIB_OFF;ID_SECTEUR_POSTAL;EQ_VILLE;EQ_BIBLIOTHEQUE;EQ_MUSEE;EQ_CINEMA;EQ_GALERIE_LIEU_EXPOSITION;EQ_CONF_RECEPTION;EQ_NTA;EQ_ENSEIGNEMENT;EQ_SALLE_DE_SPECTACLE;EQ_CENTRE_CULTUREL;EQ_CA_MJC_MQ;EQ_CAFE_CONCERT;EQ_STUDIO_DANS_MUSIQUE;EQ_SECTEUR;EQ_QUARTIER;X_CC43;Y_CC43;X_WGS84;Y_WGS84
ANNEXE DU CRR BARRIERE DE PARIS - ZAC LA VACHE;Mairie de Toulouse - DGA Culture;0004;RUE MARGUERITE DURAS;31200;TOULOUSE;No;No;No;No;No;No;Yes;No;No;No;No;No;3 - Toulouse Nord;3.1 - Minimes - Barrière de Paris;1573840.0003;2271642.9999;1.4364954677097;43.6343316912144
ANNEXE DU CRR COTE PAVEE - COURREGE;Mairie de Toulouse - DGA Culture;0252B;AV JEAN RIEUX;31500;TOULOUSE;No;No;No;No;No;No;Yes;No;No;No;No;No;5 - Toulouse Sud-Est;5.1 - Pont des Demoiselles / Montaudran / La Terrasse;1577055.9998;2266006;1.47760843248021;43.5841344192461
ANNEXE DU CRR CROIX DAURADE - JEAN BOYER;Mairie de Toulouse - DGA Culture;0001B;RUE FRANCIS LOPEZ;31200;TOULOUSE;No;No;No;No;No;No;Yes;Yes;No;No;No;No;3 - Toulouse Nord;3.4 - Trois Cocus - Borderouge - Croix Daurade - Paleficat;1576038.0003;2271805.0002;1.46369250794347;43.6361545304873
ANNEXE DU CRR LA FOURGUETTE;Mairie de Toulouse - DGA Culture;0006;PL DES GLIERES;31100;TOULOUSE;No;No;No;No;No;No;Yes;No;No;No;No;No;6 - Toulouse Ouest;6.5 - Lafourguette;1571609.9998;2263942.0003;1.41067089419845;43.5646519646267
ANNEXE DU CRR RANGUEIL - JULES JULIEN;Mairie de Toulouse - DGA Culture;0009;AV DES ECOLES JULES JULIEN;31400;TOULOUSE;No;No;No;No;No;No;Yes;No;No;No;No;No;5 - Toulouse Sud-Est;5.2 - Rangueil - Sauzelong - Pech David - Pouvourville;1575170.9999;2264971.0003;1.45450782291341;43.5745102785538
ANNEXE DU CRR SAINT-SIMON;Mairie de Toulouse - DGA Culture;0007;RUE DARBOUSSIER;31100;TOULOUSE;No;No;No;No;No;No;Yes;No;No;No;No;No;6 - Toulouse Ouest;6.4 - Saint Simon;1568923.9997;2263463.9997;1.3775435684557;43.5598881742572
ANNEXE DU MUSEE SAINT RAYMOND;Mairie de Toulouse - DGA Culture;0011;RUE DES TROIS RENARDS;31000;TOULOUSE;No;No;No;No;No;No;No;No;No;No;No;No;1 - Toulouse Centre;1.1 - Capitole;1574140;2268669.9998;1.44089622588695;43.6076272621805
ARCHIVES MUNICIPALES TOULOUSE;Mairie de Toulouse - DGA Culture;0002;RUE DES ARCHIVES;31500;TOULOUSE;No;Yes;No;Yes;No;No;No;No;No;No;No;No;4 - Toulouse Est;4.1 - Bonnefoy - Roseraie - Gramont;1575828.0003;2270440.9998;1.46140004775055;43.6238450104102
ATELIER B;Mairie de Toulouse - DGA Culture;0003;PL ANDRE ABBAL;31100;TOULOUSE;No;No;No;Yes;No;No;No;No;No;Yes;No;No;6 - Toulouse Ouest;6.3 - Mirail - Reynerie - Bellefontaine;1570991.0003;2264595.0002;1.40285653269416;43.5704228499648
BBB - CENTRE REGIONAL D'INITIATIVES POUR L'ART CONTEMPORAIN;Association;0096;RUE MICHEL ANGE;31200;TOULOUSE;No;No;No;Yes;No;No;No;No;No;No;No;No;3 - Toulouse Nord;3.4 - Trois Cocus - Borderouge - Croix Daurade - Paleficat;1574715.9999;2270797.0002;1.4475430031917;43.626864610407
BIBLIOTHEQUE ANCELY;Mairie de Toulouse - DGA Culture;0002;ALL DU VELAY;31300;TOULOUSE;Yes;No;No;No;No;No;No;No;No;No;No;No;6 - Toulouse Ouest;6.1 - Arènes Romaines - Saint Martin du Touch;1570822;2269906.0003;1.39951231134276;43.618188688358
BIBLIOTHEQUE ANTOINE DE SAINT EXUPERY;Mairie de Toulouse - DGA Culture;0037;RUE DU LOT;31100;TOULOUSE;Yes;No;No;No;No;No;No;No;No;No;No;No;2 - Rive Gauche;2.3 - Fontaine Lestang - Bagatelle - Papus - Tabar - Bordelongue;1571740.0003;2265657.0003;1.41187849189065;43.5801078859371
BIBLIOTHEQUE BONNEFOY;Mairie de Toulouse - DGA Culture;0004;RUE DU FAUBOURG BONNEFOY;31500;TOULOUSE;Yes;No;No;No;No;No;No;No;No;No;No;No;4 - Toulouse Est;4.1 - Bonnefoy - Roseraie - Gramont;1575181.9997;2269616.0001;1.45358548825038;43.6163138885945
BIBLIOTHEQUE COTE PAVEE;Mairie de Toulouse - DGA Culture;0125;AV JEAN RIEUX;31500;TOULOUSE;Yes;No;No;No;No;No;No;No;No;No;No;No;4 - Toulouse Est;4.3 - Côte Pavée - l’Hers - La Terrasse;1576133.0001;2267101.9998;1.46593383953473;43.5938466005189
BIBLIOTHEQUE CROIX DAURADE;Mairie de Toulouse - DGA Culture;0122;RTE D ALBI;31200;TOULOUSE;Yes;No;No;No;No;No;No;No;No;No;No;No;3 - Toulouse Nord;3.4 - Trois Cocus - Borderouge - Croix Daurade - Paleficat;1576077.9997;2271774;1.46419514790329;43.6358821360391
BIBLIOTHEQUE DES MINIMES;Mairie de Toulouse - DGA Culture;0003;PL DU MARCHE AUX COCHONS;31200;TOULOUSE;Yes;No;No;No;No;No;No;No;No;No;No;No;3 - Toulouse Nord;3.1 - Minimes - Barrière de Paris;1573665.9999;2270097.9998;1.43469629465261;43.6203988124278
BIBLIOTHEQUE DES PRADETTES;Mairie de Toulouse - DGA Culture;0003;AV DE LA DEPECHE;31100;TOULOUSE;Yes;No;No;No;No;No;No;No;No;No;No;No;6 - Toulouse Ouest;6.2 - Lardenne - Pradettes - Basso Cambo;1569933;2265976.0001;1.38943385558949;43.5826690217731
BIBLIOTHEQUE D'ETUDE ET DU PATRIMOINE -  PERIGORD;Mairie de Toulouse - DGA Culture;0001;RUE DE PERIGORD;31000;TOULOUSE;Yes;No;No;No;No;No;No;No;No;No;No;No;1 - Toulouse Centre;1.1 - Capitole;1574330.9999;2268631;1.44327066621163;43.6073081725014
BIBLIOTHEQUE DURANTI;Mairie de Toulouse - DGA Culture;0006;RUE LT COLONEL PELISSIER;31000;TOULOUSE;Yes;No;No;No;No;No;No;No;No;No;No;No;1 - Toulouse Centre;1.1 - Capitole;1574605.9998;2268193.0002;1.44677676396302;43.6034123114706
BIBLIOTHEQUE FABRE;Mairie de Toulouse - DGA Culture;0006;RUE SAINT JEAN;31000;TOULOUSE;Yes;No;No;No;No;No;No;No;No;No;No;No;1 - Toulouse Centre;1.1 - Capitole;1574311.0002;2267493.9998;1.4432839386241;43.5970726697416
BIBLIOTHEQUE LES IZARDS;Mairie de Toulouse - DGA Culture;TOUT;PL MICOULAUD;31200;TOULOUSE;Yes;No;No;No;No;No;No;No;No;No;No;No;3 - Toulouse Nord;3.4 - Trois Cocus - Borderouge - Croix Daurade - Paleficat;1574446.0001;2272066.0001;1.44390682844448;43.6382395991673
BIBLIOTHEQUE NOMADE - SERVICE AUX COLLECTIVITES - BIBLIOBUS;Mairie de Toulouse - DGA Culture;0005;CHE DE PERPIGNAN;31100;TOULOUSE;Yes;No;No;No;No;No;No;No;No;No;No;No;6 - Toulouse Ouest;6.5 - Lafourguette;1570561.9997;2263265.9998;1.39786049104978;43.5583892555081
BIBLIOTHEQUE PINEL;Mairie de Toulouse - DGA Culture;0007;PL MARIUS PINEL;31500;TOULOUSE;Yes;No;No;No;No;No;No;No;No;No;No;No;4 - Toulouse Est;4.2 - Jolimont - Soupetard - Bonhoure;1576266.0001;2268046.0002;1.46736738325269;43.6023638157536
BIBLIOTHEQUE PONT DES DEMOISELLES;Mairie de Toulouse - DGA Culture;0001;PL PIERRE MENDES FRANCE;31400;TOULOUSE;Yes;No;No;No;No;No;No;No;No;No;No;No;5 - Toulouse Sud-Est;5.1 - Pont des Demoiselles - Montaudran - La Terrasse;1575785;2266391;1.46178610786026;43.5873907968482
BIBLIOTHEQUE POUR TOUS - BELFORT;Association;0017;RUE DE BELFORT;31000;TOULOUSE;Yes;No;No;No;No;No;No;No;No;No;No;No;1 - Toulouse Centre;1.3 - Les Chalets - St Aubin - St Etienne;1574813.0003;2268804.9997;1.44920032044636;43.6089542743891
BIBLIOTHEQUE POUR TOUS - PELISSIER;Association;0002;RUE LT COLONEL PELISSIER;31000;TOULOUSE;Yes;No;No;No;No;No;No;No;No;No;No;No;1 - Toulouse Centre;1.1 - Capitole;1574535.0002;2268195.0001;1.44589705253466;43.6034184911409
BIBLIOTHEQUE POUR TOUS - VASE;Association;0015;RUE DES VASES;31000;TOULOUSE;Yes;No;No;No;No;No;No;No;No;No;No;No;1 - Toulouse Centre;1.3 - Les Chalets - St Aubin - St Etienne;1575160.0001;2267635.9997;1.4537644433233;43.5984916864907
BIBLIOTHEQUE POUR TOUS -SHRADER;Association;0015;IMP FRANZ SCHRADER;31500;TOULOUSE;Yes;No;No;No;No;No;No;No;No;No;No;No;5 - Toulouse Sud-Est;5.1 - Pont des Demoiselles - Montaudran - La Terrasse;1577526.9997;2265951.0003;1.48345175600166;43.5837161288799
BIBLIOTHEQUE RANGUEIL;Mairie de Toulouse - DGA Culture;0019;RUE CLAUDE DE FORBIN;31400;TOULOUSE;Yes;No;No;No;No;No;No;No;No;No;No;No;5 - Toulouse Sud-Est;5.2 - Rangueil - Sauzelong - Pech David - Pouvourville;1575933.9999;2264996.9997;1.46394643335382;43.5748702071173
BIBLIOTHEQUE ROSERAIE;Mairie de Toulouse - DGA Culture;0170;RUE DE PERIOLE;31500;TOULOUSE;Yes;No;No;No;No;No;No;No;No;No;No;No;4 - Toulouse Est;4.1 - Bonnefoy - Roseraie - Gramont;1576254;2269934.0003;1.46679202329279;43.6193524955321
BIBLIOTHEQUE SAINT CYPRIEN;Mairie de Toulouse - DGA Culture;0063;RUE RECLUSANE;31300;TOULOUSE;Yes;No;No;No;No;No;No;No;No;No;No;No;2 - Rive Gauche;2.1 - Saint Cyprien;1573291.0001;2267717.0002;1.43060210447798;43.5989087029166
BIBLIOTHEQUE SERVEYROLLES - SOUPETARD;Mairie de Toulouse - DGA Culture;TOUT;RUE CHARLES GARNIER;31500;TOULOUSE;Yes;No;No;No;No;No;No;No;No;No;No;No;4 - Toulouse Est;4.2 - Jolimont - Soupetard - Bonhoure;1577160.0002;2268739.0002;1.47828302687645;43.6087466103478
CAFE ROCK LE DAUPHIN;Structure commerciale;0003;BD DE STRASBOURG;31000;TOULOUSE;No;No;No;No;No;No;No;No;No;No;Yes;No;1 - Toulouse Centre;1.1 - Capitole;1574719.9997;2268473.0002;1.44812446873263;43.6059510678196
CAFE THEATRE LE 57;Structure commerciale;0057;BD DES MINIMES;31200;TOULOUSE;No;No;No;No;No;No;No;Yes;No;No;No;No;3 - Toulouse Nord;3.1 - Minimes - Barrière de Paris;1574045.0002;2269642.9998;1.43949581043879;43.6163676358188
CAFE THEATRE LES MINIMES;Structure commerciale;0006;RUE GELIBERT;31200;TOULOUSE;No;No;No;No;No;No;No;Yes;No;No;No;No;3 - Toulouse Nord;3.1 - Minimes - Barrière de Paris;1573695.0002;2270153.9998;1.4350426072291;43.6209076297494
CASINO THEATRE BARRIERE;Structure commerciale;0018;CHE DE LA LOGE;31400;TOULOUSE;No;No;No;No;Yes;No;No;Yes;No;No;No;No;5 - Toulouse Sud-Est;5.3 - Saint Michel - Le Busca - Empalot - Saint Agne;1573578.0001;2264803.0003;1.434828375132;43.5727329418284
CAVE POESIE;Association;0071;RUE DU TAUR;31000;TOULOUSE;No;No;No;No;No;No;No;Yes;No;No;No;No;1 - Toulouse Centre;1.1 - Capitole;1574236.9997;2268618.9999;1.44210925846174;43.6071844974757
CENTRE CULTUREL - THEATRE DES MAZADES;Mairie de Toulouse - DGA Culture;0010;AV DES MAZADES;31200;TOULOUSE;No;No;No;Yes;No;No;No;Yes;Yes;No;No;No;3 - Toulouse Nord;3.1 - Minimes - Barrière de Paris;1573993;2270491.0001;1.43865646924821;43.6239902634749
CENTRE CULTUREL ALBAN MINVILLE;Mairie de Toulouse - DGA Culture;0001;PL MARTIN LUTHER KING;31100;TOULOUSE;No;No;Yes;Yes;Yes;No;No;Yes;Yes;No;No;Yes;6 - Toulouse Ouest;6.3 - Mirail - Reynerie - Bellefontaine;1570673.0001;2263946.9997;1.39907347161137;43.5645368269328
CENTRE CULTUREL BELLEGARDE;Mairie de Toulouse - DGA Culture;0017;RUE BELLEGARDE;31000;TOULOUSE;No;No;No;Yes;No;No;No;Yes;Yes;No;No;No;1 - Toulouse Centre;1.1 - Capitole;1574441;2268741.9997;1.44460753012457;43.6083254243223
CENTRE CULTUREL DES MINIMES;Association;0006;RUE DU CAILLOU GRIS;31200;TOULOUSE;No;No;No;Yes;No;No;No;Yes;Yes;No;No;No;3 - Toulouse Nord;3.1 - Minimes - Barrière de Paris;1573700.0003;2270055.0002;1.43512739204257;43.6200175518106
CENTRE CULTUREL HENRI DESBALS;Mairie de Toulouse - DGA Culture;0128;RUE HENRI DESBALS;31100;TOULOUSE;No;No;No;Yes;No;No;No;Yes;Yes;No;No;No;2 - Rive Gauche;2.3 - Fontaine Lestang - Bagatelle - Papus - Tabar - Bordelongue;1571735.0002;2265584.9997;1.41183344695688;43.5794590820138
CENTRE CULTUREL LEONARD DE VINCI DE L'ENAC - THEATRE DE POCHE;Association;0007;AV EDOUARD BELIN;31400;TOULOUSE;No;No;No;Yes;No;No;No;Yes;Yes;No;No;No;5 - Toulouse Sud-Est;5.2 - Rangueil - Sauzelong - Pech David - Pouvourville;1577134.0001;2263914.0003;1.47904303039701;43.5653203463623
CENTRE D'ANIMATION DE BAGATELLE;Mairie de Toulouse - DGA Culture;0011;IMP DU BACHAGA BOUALAM;31100;TOULOUSE;No;No;No;No;No;No;No;No;No;Yes;No;No;2 - Rive Gauche;2.3 - Fontaine Lestang - Bagatelle - Papus - Tabar - Bordelongue;1571443.9997;2265638.0002;1.4082187314263;43.5798864782009
CENTRE D'ANIMATION DES CHAMOIS;Mairie de Toulouse - DGA Culture;0011;RUE DES CHAMOIS;31200;TOULOUSE;No;No;No;No;No;No;No;No;No;Yes;No;Yes;3 - Toulouse Nord;3.4 - Trois Cocus - Borderouge - Croix Daurade - Paleficat;1574367.0002;2272176.0002;1.44290267631934;43.639216331904
CENTRE D'ANIMATION LA TERRASSE;Mairie de Toulouse - DGA Culture;0015;IMP FRANZ SCHRADER;31500;TOULOUSE;No;No;No;No;No;No;No;No;No;Yes;No;No;5 - Toulouse Sud-Est;5.1 - Pont des Demoiselles - Montaudran - La Terrasse;1577526.9997;2265951.0003;1.48345175600166;43.5837161288799
CENTRE D'ANIMATION LALANDE;Mairie de Toulouse - DGA Culture;0239;AV DE FRONTON;31200;TOULOUSE;No;No;No;Yes;No;No;No;Yes;No;Yes;No;No;3 - Toulouse Nord;3.2 - Sept Deniers - Ginestous;1573578.0001;2273191.9998;1.43289118789884;43.6482273916325
CENTRE D'ANIMATION MONTAUDRAN;Association;0003;IMP GASTON GENIN;31400;TOULOUSE;No;No;No;No;No;No;No;No;No;Yes;No;No;5 - Toulouse Sud-Est;5.1 - Pont des Demoiselles - Montaudran - La Terrasse;1577641.9999;2264875.9998;1.48511547233675;43.5740604215996
CENTRE D'ANIMATION REYNERIE;Mairie de Toulouse - DGA Culture;0003;PL ANDRE ABBAL;31100;TOULOUSE;No;No;No;Yes;No;No;No;No;No;Yes;No;No;6 - Toulouse Ouest;6.3 - Mirail - Reynerie - Bellefontaine;1570991.0003;2264595.0002;1.40285653269416;43.5704228499648
CENTRE D'ANIMATION SAINT SIMON;Mairie de Toulouse - DGA Culture;0010;CHE DE LIFFARD;31100;TOULOUSE;No;No;No;Yes;No;No;No;Yes;No;Yes;No;No;6 - Toulouse Ouest;6.4 - Saint Simon;1569045.0003;2263659.9997;1.37899413296402;43.5616730536058
CENTRE D'ANIMATION SOUPETARD;Mairie de Toulouse - DGA Culture;0063;CHE DE HEREDIA;31500;TOULOUSE;No;No;No;Yes;No;No;No;Yes;No;Yes;No;No;4 - Toulouse Est;4.2 - Jolimont - Soupetard - Bonhoure;1576878.0003;2269355.0002;1.47465189803144;43.6142441509013
CENTRE DE DEVELOPPEMENT CHOREGRAPHIQUE (CDC);Association;0005;AV ETIENNE BILLIERES;31300;TOULOUSE;No;No;No;No;No;No;Yes;Yes;No;No;No;Yes;2 - Rive Gauche;2.1 - Saint Cyprien;1573181;2267554.0003;1.42927772065588;43.5974233227851
CENTRE DE L'AFFICHE DE LA CARTE POSTALE ET DE L'ART GRAPHIQUE;Mairie de Toulouse - DGA Culture;0058;ALL CHARLES DE FITTE;31300;TOULOUSE;No;Yes;No;No;No;No;No;No;No;No;No;No;2 - Rive Gauche;2.1 - Saint Cyprien;1573286;2267677.9997;1.43054921174571;43.5985568868796
CENTRE DES CONGRES PIERRE BAUDIS;Structure commerciale;0011;ESP COMPANS CAFFARELLI;31000;TOULOUSE;No;No;No;No;Yes;No;No;No;No;No;No;No;1 - Toulouse Centre;1.2 - Amidonniers - Caffarelli;1573664;2269107;1.43490024798494;43.6114802672585
CERCLE LAIQUE JEAN CHAUBET;Association;0007;PL MARIUS PINEL;31500;TOULOUSE;No;No;No;No;No;No;No;No;No;Yes;No;No;4 - Toulouse Est;4.2 - Jolimont - Soupetard - Bonhoure;1576266.0001;2268046.0002;1.46736738325269;43.6023638157536
CHAPELLE DES CARMELITES;Mairie de Toulouse - DGA Culture;0001;RUE DE PERIGORD;31000;TOULOUSE;No;No;No;No;No;No;No;Yes;No;No;No;No;1 - Toulouse Centre;1.1 - Capitole;1574330.9999;2268631;1.44327066621163;43.6073081725014
CHAPELLE SAINTE ANNE;Mairie de Toulouse - Autre Direction;0015;RUE SAINTE ANNE;31000;TOULOUSE;No;No;No;No;No;No;No;Yes;No;No;No;No;1 - Toulouse Centre;1.1 - Capitole;1574939.0003;2267743.0003;1.45100338412508;43.5994179738224
CICC - SAMBA RESILLE;Association;0038;RUE ROQUELAINE;31000;TOULOUSE;No;No;No;Yes;No;No;Yes;Yes;No;No;No;Yes;1 - Toulouse Centre;1.3 - Les Chalets - St Aubin - St Etienne;1574610.9999;2269080.0003;1.44663555298953;43.6113954844457
CINEMA ABC;Association;0013;RUE SAINT BERNARD;31000;TOULOUSE;No;No;Yes;No;No;No;No;No;No;No;No;No;1 - Toulouse Centre;1.1 - Capitole;1574390.9997;2268821.0003;1.44397015652457;43.6090280366731
CINEMATHEQUE DE TOULOUSE;Association;0069;RUE DU TAUR;31000;TOULOUSE CEDEX 6;No;No;Yes;No;No;No;No;No;No;No;No;No;1 - Toulouse Centre;1.1 - Capitole;1574239.9999;2268608.9997;1.44214871185831;43.6070950039373
CITE DE L'ESPACE;Structure commerciale;TOUT;AV JEAN GONORD;31500;TOULOUSE CEDEX 5;No;Yes;No;No;No;No;No;No;No;No;No;No;4 - Toulouse Est;4.3 - Côte Pavée - l’Hers - La Terrasse;1578173.0003;2266354.9997;1.49135944568407;43.5874565695513
CITRON BLEU;Structure commerciale;0018;RUE DES PARADOUX;31000;TOULOUSE;No;No;No;No;No;No;No;No;No;No;Yes;No;1 - Toulouse Centre;1.1 - Capitole;1574274.9999;2267689.0002;1.44279339764443;43.5988215277633
CMAV - CENTRE MERIDIONAL DE L'ARCHITECTURE DE LA VILLE;Association;0005;RUE SAINT PANTALEON;31000;TOULOUSE;No;Yes;No;Yes;No;No;No;No;No;No;No;No;1 - Toulouse Centre;1.1 - Capitole;1574444.0002;2268184.9999;1.44477240906718;43.6033133398526
CONSERVATOIRE A RAYONNEMENT REGIONAL (CRR);Mairie de Toulouse - DGA Culture;0017;RUE LARREY;31000;TOULOUSE;No;No;No;No;No;No;Yes;Yes;No;No;No;Yes;1 - Toulouse Centre;1.1 - Capitole;1573930;2268188.9997;1.43840617281113;43.6032635177453
CONSERVATOIRE OCCITAN;Association;0005;RUE DU PONT DE TOUNIS;31000;TOULOUSE;No;No;No;No;No;No;Yes;No;No;No;No;No;1 - Toulouse Centre;1.1 - Capitole;1574187.9997;2267570.0002;1.44174341225602;43.5977360946185
COUR HENRI IV;Mairie de Toulouse - Autre Direction;0001;PL DU CAPITOLE;31000;TOULOUSE;No;No;No;No;No;No;No;No;No;No;No;No;1 - Toulouse Centre;1.1 - Capitole;1574386.9999;2268247.9999;1.44405207187261;43.6038707939495
CRDP - CENTRE REGIONAL DE DOCUMENTATION PEDAGOGIQUE;Association;0003;RUE ROQUELAINE;31000;TOULOUSE;No;No;No;No;No;No;Yes;No;No;No;No;No;1 - Toulouse Centre;1.3 - Les Chalets - St Aubin - St Etienne;1574451.9998;2268958.9997;1.44469400041008;43.6102800935493
DUBLINERS;Structure commerciale;0046;AV MARCEL LANGER;31400;TOULOUSE;No;No;No;No;No;No;No;No;No;No;Yes;No;5 - Toulouse Sud-Est;5.3 - Saint Michel - Le Busca - Empalot - Saint Agne;1574869.9999;2265983.9997;1.45055073095327;43.5835767205615
EGLISE DU GESU;Association;0022B;RUE DES FLEURS;31000;TOULOUSE;No;No;No;No;No;No;No;Yes;No;No;No;No;1 - Toulouse Centre;1.1 - Capitole;1574582.0003;2267208.0001;1.44670512075462;43.5945440228865
EL BARRIO LATINO;Structure commerciale;0144;AV DE MURET;31300;TOULOUSE;No;No;No;No;No;No;No;No;No;No;Yes;No;2 - Rive Gauche;2.2 - Croix de Pierre - Route d'Espagne;1573104;2266210.9999;1.42863534960255;43.5853243364757
ENSEMBLE CONVENTUEL DES JACOBINS;Mairie de Toulouse - DGA Culture;0069;RUE PARGAMINIERES;31000;TOULOUSE;No;Yes;No;Yes;No;No;No;No;No;No;No;No;1 - Toulouse Centre;1.1 - Capitole;1574052.0002;2268323;1.4398861869367;43.6044898213059
ERICH COFFEE;Structure commerciale;0009;RUE JOSEPH VIE;31300;TOULOUSE;No;No;No;No;No;No;No;No;No;No;Yes;No;2 - Rive Gauche;2.1 - Saint Cyprien;1573443.0002;2267502.9997;1.43253376625679;43.5970083986875
ESAV;Association;0056;RUE DU TAUR;31000;TOULOUSE;No;No;No;No;No;No;Yes;No;No;No;No;No;1 - Toulouse Centre;1.1 - Capitole;1574250.9997;2268610;1.4422847108532;43.6071058416671
ESPACE BAZACLE;Structure commerciale;0011;QU SAINT PIERRE;31000;TOULOUSE;No;No;No;Yes;No;No;No;No;No;No;No;No;1 - Toulouse Centre;1.2 - Amidonniers - Caffarelli;1573454;2268340.9998;1.43247633307298;43.6045516175524
ESPACE BONNEFOY;Mairie de Toulouse - DGA Culture;0004;RUE DU FAUBOURG BONNEFOY;31500;TOULOUSE;No;No;No;Yes;No;No;No;Yes;Yes;No;No;Yes;4 - Toulouse Est;4.1 - Bonnefoy - Roseraie - Gramont;1575181.9997;2269616.0001;1.45358548825038;43.6163138885945
ESPACE CROIX BARAGNON;Mairie de Toulouse - DGA Culture;0024;RUE CROIX BARAGNON;31000;TOULOUSE;No;No;No;Yes;No;No;No;Yes;Yes;No;No;No;1 - Toulouse Centre;1.1 - Capitole;1574696.0002;2267792.0003;1.44798307533012;43.5998185733236
ESPACE DANSE DU CONSERVATOIRE DE TOULOUSE;Mairie de Toulouse - DGA Culture;0012;PL SAINT PIERRE;31000;TOULOUSE;No;No;No;No;No;No;Yes;No;No;No;No;No;1 - Toulouse Centre;1.1 - Capitole;1573693.9999;2268284.0002;1.43546166833913;43.6040789306583
ESPACE DES DIVERSITES ET DE LA LAICITE;Mairie de Toulouse - Autre Direction;0038;RUE D AUBUISSON;31000;TOULOUSE;No;No;No;Yes;Yes;No;No;No;No;No;No;No;1 - Toulouse Centre;1.3 - Les Chalets - St Aubin - St Etienne;1575118.0001;2268156.9999;1.45312555367702;43.6031733596667
ESPACE JOB;Mairie de Toulouse - DGA Culture;0105;RTE DE BLAGNAC;31200;TOULOUSE;No;No;No;No;Yes;No;Yes;Yes;No;Yes;No;Yes;3 - Toulouse Nord;3.2 - Sept Deniers - Ginestous;1571532.9998;2269744;1.40835735546538;43.616852401072
ESPACE ROGUET - MJC ROGUET;Autre institution publique;0009;RUE DE GASCOGNE;31300;TOULOUSE;No;No;No;Yes;No;No;No;Yes;No;Yes;No;No;2 - Rive Gauche;2.1 - Saint Cyprien;1573025.9997;2267416.9998;1.42739016585698;43.5961643215819
ESPACE SAINT CYPRIEN - CHAPEAU ROUGE;Mairie de Toulouse - DGA Culture;0056;ALL CHARLES DE FITTE;31300;TOULOUSE;No;No;No;Yes;No;No;No;Yes;Yes;No;No;Yes;2 - Rive Gauche;2.1 - Saint Cyprien;1573315.0003;2267647.0002;1.43091548978465;43.5982827901506
ETPA - ECOLE DE PHOTOGRAPHIE;Structure commerciale;0007;RUE EUGENE LABICHE;31200;TOULOUSE;No;No;No;No;No;No;Yes;No;No;No;No;No;3 - Toulouse Nord;3.1 - Minimes - Barrière de Paris;1573667.9998;2270981.0001;1.43451721816905;43.6283454233055
FAIRFIELD CAFE;Structure commerciale;0110;AV JULES JULIEN;31400;TOULOUSE;No;No;No;No;No;No;No;No;No;No;Yes;No;5 - Toulouse Sud-Est;5.3 - Saint Michel - Le Busca - Empalot - Saint Agne;1574820.9999;2265509;1.45005262063977;43.5792938983889
FONDATION ESPACE ECUREUIL POUR L'ART CONTEMPORAIN;Structure commerciale;0003;PL DU CAPITOLE;31000;TOULOUSE;No;No;No;Yes;No;No;No;No;No;No;No;No;1 - Toulouse Centre;1.1 - Capitole;1574358.9999;2268244.9997;1.44370600811245;43.6038391263602
FRICHE CULTURELLE DE L'IMPRIMERIE - ERNEST RENAN;Mairie de Toulouse - DGA Culture;0014;RUE ERNEST RENAN;31200;TOULOUSE;No;No;No;No;No;Yes;No;No;No;No;No;Yes;3 - Toulouse Nord;3.4 - Trois Cocus - Borderouge - Croix Daurade - Paleficat;1574516.0001;2270955;1.44502903587075;43.6282531894962
FRICHE CULTURELLE SAINT SIMON - LA VANNERIE;Mairie de Toulouse - DGA Culture;0001B;CHE NEUF;31100;TOULOUSE;No;No;No;No;No;Yes;No;No;No;No;No;Yes;6 - Toulouse Ouest;6.4 - Saint Simon;1569635.0002;2262894.9998;1.38647740604384;43.5548908308113
FROG AND ROSBIF;Structure commerciale;0014;RUE DE L INDUSTRIE;31000;TOULOUSE;No;No;No;No;No;No;No;No;No;No;Yes;No;1 - Toulouse Centre;1.3 - Les Chalets - St Aubin - St Etienne;1574957.0001;2268347.9998;1.45108813309783;43.6048655216635
GALERIE CAN'ART;Structure commerciale;0028;RUE DES POLINAIRES;31000;TOULOUSE;No;No;No;Yes;No;No;No;No;No;No;No;No;1 - Toulouse Centre;1.1 - Capitole;1574329;2267579.9997;1.44348709071033;43.5978496088319
GALERIE DAUDET;Structure commerciale;0010;RUE DE LA TRINITE;31000;TOULOUSE;No;No;No;Yes;No;No;No;No;No;No;No;No;1 - Toulouse Centre;1.1 - Capitole;1574453.0001;2267766.0002;1.44497992007397;43.599544147192
GALERIE DU CHÂTEAU D'EAU;Association;0001;RUE LAGANNE;31300;TOULOUSE;No;No;No;Yes;No;No;No;No;No;No;No;No;2 - Rive Gauche;2.1 - Saint Cyprien;1573616.0003;2267084;1.43477263296161;43.5932667386596
GALERIE EXPRMNTL;Structure commerciale;0018;RUE DE LA BOURSE;31000;TOULOUSE;No;No;No;Yes;No;No;No;No;No;No;No;No;1 - Toulouse Centre;1.1 - Capitole;1574246.0003;2267918.0003;1.4423817133272;43.6008775233225
GALERIE FABRICE GALVANI;Structure commerciale;0002;RUE PIERRE DE FERMAT;31000;TOULOUSE;No;No;No;Yes;No;No;No;No;No;No;No;No;1 - Toulouse Centre;1.1 - Capitole;1574773.9998;2267663.9997;1.44897822724445;43.598679624573
GALERIE GRAAL;Structure commerciale;0039;RUE DE METZ;31000;TOULOUSE;No;No;No;Yes;No;No;No;No;No;No;No;No;1 - Toulouse Centre;1.1 - Capitole;1574833;2267883.0003;1.44965877301287;43.6006602754496
GALERIE KANDLER;Structure commerciale;0014;RUE DE BAYARD;31000;TOULOUSE;No;No;No;Yes;No;No;No;No;No;No;No;No;1 - Toulouse Centre;1.3 - Les Chalets - St Aubin - St Etienne;1574682.9998;2268774.9998;1.44759712481601;43.6086626876676
GALERIE LES OREADES;Structure commerciale;0039;RUE PHARAON;31000;TOULOUSE;No;No;No;Yes;No;No;No;No;No;No;No;No;1 - Toulouse Centre;1.1 - Capitole;1574390.0001;2267453.9997;1.4442713383679;43.5967258687943
GALERIE LULUMIRETTE;Association;0028;RUE CARAMAN;31000;TOULOUSE;No;No;No;Yes;No;No;No;No;No;No;No;No;1 - Toulouse Centre;1.3 - Les Chalets - St Aubin - St Etienne;1575172.9998;2268018.9998;1.45383812071224;43.6019405701065
GALERIE PASSAGE A L'ART;Association;0005;GRANDE-RUE SAINT NICOLAS;31300;TOULOUSE;No;No;No;Yes;No;No;Yes;No;No;No;No;No;2 - Rive Gauche;2.1 - Saint Cyprien;1573714.9999;2267754.0001;1.43584395261117;43.5993128454858
GALERIE PINXIT;Structure commerciale;0002;PL SAINT ETIENNE;31000;TOULOUSE;No;No;No;Yes;No;No;No;No;No;No;No;No;1 - Toulouse Centre;1.1 - Capitole;1574787.0002;2267775.0001;1.44911383309147;43.5996807092076
GALERIE SOURILLAN;Structure commerciale;0019;RUE THEODORE OZENNE;31000;TOULOUSE;No;No;No;Yes;No;No;No;No;No;No;No;No;1 - Toulouse Centre;1.1 - Capitole;1574640.9998;2267395.0002;1.44739286205135;43.5962367080848
GARE AUX MORILLES;Structure commerciale;0007;CHE DES SILOS;31100;TOULOUSE;No;No;No;No;No;No;No;No;No;No;Yes;No;2 - Rive Gauche;2.2 - Croix de Pierre - Route d'Espagne;1572302.9998;2263085.0001;1.41944702315732;43.5570572022888
GAUMONT WILSON;Structure commerciale;0003;PL DU PDT THOMAS WILSON;31000;TOULOUSE;No;No;Yes;No;No;No;No;No;No;No;No;No;1 - Toulouse Centre;1.1 - Capitole;1574693;2268319.0002;1.44782533460037;43.6045606915568
GOETHE INSTITUT;Association;0004B;RUE CLEMENCE ISAURE;31000;TOULOUSE;No;No;No;Yes;No;No;Yes;No;No;No;No;No;1 - Toulouse Centre;1.1 - Capitole;1574204.0003;2267931;1.44185862474564;43.6009875011768
HALL 8 - PARC DES EXPOSITIONS;Mairie de Toulouse - Autre Direction;TOUT;ALL GABRIEL BIENES;31400;TOULOUSE;No;No;No;No;Yes;No;No;No;No;No;No;No;5 - Toulouse Sud-Est;5.3 - Saint Michel - Le Busca - Empalot - Saint Agne;1573776;2266098.0003;1.436980892196;43.5844202489134
HALLE AUX GRAINS;Mairie de Toulouse - DGA Culture;TOUT;PL DOMINIQUE MARTIN DUPUY;31000;TOULOUSE;No;No;No;No;No;No;No;Yes;No;No;No;No;1 - Toulouse Centre;1.3 - Les Chalets - St Aubin - St Etienne;1575176;2267778.9999;1.45392997708087;43.5997812380615
HOTEL D'ASSEZAT - FONDATION BEMBERG;Association;TOUT;PL D ASSEZAT;31000;TOULOUSE;No;Yes;No;No;No;No;No;No;No;No;No;No;1 - Toulouse Centre;1.1 - Capitole;1574220.9998;2267831.0001;1.44209210365033;43.6000904127342
HOTEL DIEU;Mairie de Toulouse - Autre Direction;0002;RUE VIGUERIE;31300;TOULOUSE;No;No;No;Yes;Yes;No;No;No;No;No;No;No;2 - Rive Gauche;2.1 - Saint Cyprien;1573767.9997;2267731.0002;1.43650555354195;43.599114742959
INSTITUT CATHOLIQUE DE TOULOUSE - ESPACE MUSEOGRAPHIQUE BACCRABERE - SALLE TOLOSA;Autre institution publique;0031;RUE DE LA FONDERIE;31000;TOULOUSE;No;Yes;No;No;Yes;No;Yes;No;No;No;No;No;1 - Toulouse Centre;1.1 - Capitole;1574290.9998;2267306.0001;1.44307942905077;43.595377470998
INSTITUT SUPERIEUR DES ARTS DE TOULOUSE - ISDAT;Structure mixte;0005;QU DE LA DAURADE;31000;TOULOUSE;No;No;No;Yes;No;No;Yes;No;No;No;No;No;1 - Toulouse Centre;1.1 - Capitole;1574031.9998;2267894.0001;1.4397371828098;43.6006257974846
INSTITUTO CERVANTES;Association;0031;RUE DES CHALETS;31000;TOULOUSE;No;No;No;Yes;No;No;No;No;No;No;No;No;1 - Toulouse Centre;1.3 - Les Chalets - St Aubin - St Etienne;1574185.9998;2269278.9998;1.44132596903333;43.6131154788592
LA COMEDIE DE TOULOUSE;Structure commerciale;0016;RUE SAINT GERMIER;31000;TOULOUSE;No;No;No;No;No;No;No;Yes;No;No;No;No;1 - Toulouse Centre;1.3 - Les Chalets - St Aubin - St Etienne;1574162.9999;2269121;1.44107741393229;43.6116897615157
LA DYNAMO;Structure commerciale;0006;RUE AMELIE;31000;TOULOUSE;No;No;No;No;No;No;No;No;No;No;Yes;No;1 - Toulouse Centre;1.1 - Capitole;1575312.9998;2268405.9997;1.45548371114985;43.6054464703074
LA FABRIQUE DU CIAM;Association;0005;ALL ANTONIO MACHADO;31100;TOULOUSE;No;No;No;Yes;No;No;Yes;Yes;No;No;No;No;6 - Toulouse Ouest;6.3 - Mirail - Reynerie - Bellefontaine;1571109;2265402.0001;1.40412726320771;43.5777054475588
LA LOUPIOTE;Structure commerciale;0039;RUE RECLUSANE;31300;TOULOUSE;No;No;No;No;No;No;No;No;No;No;Yes;No;2 - Rive Gauche;2.1 - Saint Cyprien;1573394.0002;2267710.0002;1.43187916938536;43.5988630192289
LA MAISON BLANCHE;Structure commerciale;0010;RUE ARNAUD BERNARD;31000;TOULOUSE;No;No;No;No;No;No;No;No;No;No;Yes;No;1 - Toulouse Centre;1.1 - Capitole;1574008.0003;2268905.0003;1.43920736348767;43.6097200274163
LA MEDIATHEQUE ASSOCIATIVE - MUSICOPHAGES;Association;0006;RUE DE LA BOURSE;31000;TOULOUSE;No;No;No;Yes;No;No;No;No;No;No;No;No;1 - Toulouse Centre;1.1 - Capitole;1574260.0003;2267859.9997;1.44256839778461;43.6003578964032
L'AEROTHEQUE;Structure commerciale;TOUT;RUE MONTMORENCY;31200;TOULOUSE;No;Yes;No;No;No;No;No;No;No;No;No;No;3 - Toulouse Nord;3.1 - Minimes - Barrière de Paris;1573021.0003;2269381.9999;1.42687258631623;43.6138469564661
L'AVENUE;Structure commerciale;0100;AV DE LOMBEZ;31300;TOULOUSE;No;No;No;No;No;No;No;No;No;No;Yes;No;2 - Rive Gauche;2.4 - Fontaine Bayonne - Cartoucherie;1571908.0003;2267283.9998;1.41357779894647;43.5947782333335
LE BANANA;Structure commerciale;0009B;AV FREDERIC ESTEBE;31200;TOULOUSE;No;No;No;No;No;No;No;No;No;No;Yes;No;3 - Toulouse Nord;3.1 - Minimes - Barrière de Paris;1573837.0001;2269929.9998;1.43685325894328;43.618915604285
LE BIJOU;Structure commerciale;0123;AV DE MURET;31300;TOULOUSE;No;No;No;No;No;No;No;Yes;No;No;No;No;2 - Rive Gauche;2.2 - Croix de Pierre - Route d'Espagne;1573018.0001;2266109.9997;1.42759406029163;43.5844009235037
LE CACTUS;Structure commerciale;0013;BD LASCROSSES;31000;TOULOUSE;No;No;No;No;No;No;No;No;No;No;Yes;No;1 - Toulouse Centre;1.1 - Capitole;1573837.0001;2269031.9999;1.43706022991517;43.6108343125962
LE CAFE POPULAIRE;Structure commerciale;0009;RUE DE LA COLOMBETTE;31000;TOULOUSE;No;No;No;No;No;No;No;No;No;No;Yes;No;1 - Toulouse Centre;1.3 - Les Chalets - St Aubin - St Etienne;1574985.9997;2268296.9999;1.4514589142476;43.6044113712729
LE CARSON CITY;Structure commerciale;0003;PL OLIVIER;31300;TOULOUSE;No;No;No;No;No;No;No;No;No;No;Yes;No;2 - Rive Gauche;2.1 - Saint Cyprien;1573585.9997;2267635.0001;1.43427400328436;43.5982203053475
LE CHAMPAGNE;Structure commerciale;0004;RUE PEYRAS;31000;TOULOUSE;No;No;No;No;No;No;No;No;No;No;Yes;No;1 - Toulouse Centre;1.1 - Capitole;1574372.9999;2267981.0003;1.44393994790502;43.6014656597305
LE CLASSICO;Structure commerciale;0037;RUE DES FILATIERS;31000;TOULOUSE;No;No;No;No;No;No;No;No;No;No;Yes;No;1 - Toulouse Centre;1.1 - Capitole;1574369.9997;2267715.9999;1.44396358503202;43.5990803484924
LE COMMUNARD;Structure commerciale;0017;PL ARNAUD BERNARD;31000;TOULOUSE;No;No;No;No;No;No;No;No;No;No;Yes;No;1 - Toulouse Centre;1.1 - Capitole;1574022.9999;2269023;1.43936598387228;43.610784442109
LE CRATERE;Association;0095;GRANDE-RUE SAINT MICHEL;31400;TOULOUSE;No;No;Yes;No;No;No;No;No;No;No;No;No;5 - Toulouse Sud-Est;5.3 - Saint Michel - Le Busca - Empalot - Saint Agne;1574512.0003;2266583.0002;1.44598154302503;43.588907806129
LE GRENIER THEATRE;Association;0014;IMP DE GRAMONT;31200;TOULOUSE;No;No;No;No;No;No;No;Yes;No;No;No;No;4 - Toulouse Est;4.1 - Bonnefoy - Roseraie - Gramont;1576766.0003;2271268.0001;1.47283386046715;43.631441418067
LE LIDO - CENTRE DES ARTS DU CIRQUE;Mairie de Toulouse - DGA Culture;0014;RUE DE GAILLAC;31500;TOULOUSE;No;No;No;No;No;No;Yes;Yes;No;No;No;No;4 - Toulouse Est;4.2 - Jolimont - Soupetard - Bonhoure;1577062.9998;2270407.0001;1.47670704168556;43.6237415990113
LE MANDALA;Structure commerciale;0023;RUE DES AMIDONNIERS;31000;TOULOUSE;No;No;No;No;No;No;No;Yes;No;No;No;No;1 - Toulouse Centre;1.2 - Amidonniers - Caffarelli;1573084.9999;2268501.0002;1.42786951413008;43.6059294385674
LE METRO;Structure commerciale;TOUT;ALL DE BELLEFONTAINE;31100;TOULOUSE;No;No;Yes;No;No;No;No;No;No;No;No;No;6 - Toulouse Ouest;6.3 - Mirail - Reynerie - Bellefontaine;1570853.0002;2263986.9998;1.40129171550643;43.5649276513574
LE METRONUM;Mairie de Toulouse - DGA Culture;TOUT;RPT MADAME DE MONDONVILLE;31200;TOULOUSE;No;No;No;No;No;No;No;Yes;No;No;No;Yes;3 - Toulouse Nord;3.4 - Trois Cocus - Borderouge - Croix Daurade - Paleficat;1574948.0002;2272355;1.45006103513521;43.6409238754189
LE REX DE L'HUMOUR;Structure commerciale;0015;AV HONORE SERRES;31000;TOULOUSE;No;No;No;No;No;No;No;Yes;No;No;No;No;1 - Toulouse Centre;1.2 - Amidonniers - Caffarelli;1573940.9998;2269154.9997;1.43831998571012;43.6119586226292
LE SAINT DES SEINS;Structure commerciale;0005;PL SAINT PIERRE;31000;TOULOUSE;No;No;No;No;No;No;No;No;No;No;Yes;No;1 - Toulouse Centre;1.1 - Capitole;1573772.0002;2268214.9998;1.43644353179362;43.6034710490694
LE VENT DU SUD;Association;0170;AV DE LESPINET;31400;TOULOUSE;No;No;No;No;No;No;No;No;No;No;Yes;No;5 - Toulouse Sud-Est;5.1 - Pont des Demoiselles - Montaudran - La Terrasse;1576721.9997;2264891.0001;1.47372429768424;43.574045539462
LES ABATTOIRS - MUSEE D'ART MODERNE ET CONTEMPORAIN - FRAC MIDI-PYRENEES;Structure mixte;0076;ALL CHARLES DE FITTE;31300;TOULOUSE;No;Yes;No;No;No;No;No;No;No;No;No;No;2 - Rive Gauche;2.1 - Saint Cyprien;1573165.0001;2267917;1.42899553318393;43.6006873543904
LES ATELIERS MUSICAUX;Association;0001;RUE QUILMERY;31300;TOULOUSE;No;No;No;No;No;No;Yes;No;No;No;No;No;2 - Rive Gauche;2.1 - Saint Cyprien;1573601;2267808.9998;1.43441959192524;43.5997886897138
LES JARDINS DU MUSEUM - LA MAOURINE;Mairie de Toulouse - DGA Culture;0024;AV MAURICE BOURGES MAUNOURY;31200;TOULOUSE;No;Yes;No;No;No;No;No;No;No;No;No;No;3 - Toulouse Nord;3.4 - Trois Cocus - Borderouge - Croix Daurade - Paleficat;1574971.9997;2271445;1.45056642552915;43.6327386184583
LES METS'TISSES;Structure commerciale;0001;RUE DENIS PAPIN;31500;TOULOUSE;No;No;No;No;No;No;No;No;No;No;Yes;No;4 - Toulouse Est;4.2 - Jolimont - Soupetard - Bonhoure;1575515.0002;2268377.0001;1.45799195037046;43.6052188928313
LIEU COMMUN / PLAN 9;Association;0025;RUE D ARMAGNAC;31500;TOULOUSE;No;No;No;Yes;No;No;No;No;No;No;No;No;4 - Toulouse Est;4.1 - Bonnefoy - Roseraie - Gramont;1575389.9998;2269677.9998;1.4561477800865;43.6169062705428
L'UTOPIA;Association;0024;RUE MONTARDY;31000;TOULOUSE;No;No;Yes;No;No;No;No;No;No;No;No;No;1 - Toulouse Centre;1.1 - Capitole;1574607.9997;2268260;1.4467861884349;43.604015593419
MAISON DE L'OCCITANIE;Association;0011;RUE MALCOUSINAT;31000;TOULOUSE;No;No;No;Yes;No;No;Yes;No;No;No;No;No;1 - Toulouse Centre;1.1 - Capitole;1574311.9998;2267897.0003;1.44320383092455;43.6006995494228
MAISON DE QUARTIER - SALLE BARCELONE;Mairie de Toulouse - Autre Direction;0022;ALL DE BARCELONE;31000;TOULOUSE;No;No;No;No;Yes;No;No;No;No;No;No;No;1 - Toulouse Centre;1.2 - Amidonniers - Caffarelli;1573529.9997;2268471.0003;1.43338749623314;43.6057342820765
MAISON DE QUARTIER ACHIARY;Association;0042;RUE HENRIETTE ACHIARY;31500;TOULOUSE;No;No;No;No;No;No;No;No;No;Yes;No;No;4 - Toulouse Est;4.3 - Côte Pavée - l’Hers - La Terrasse;1576801.9999;2267827.9999;1.47405412980422;43.60048977912
MAISON DE QUARTIER AMOUROUX;Mairie de Toulouse - DGA Culture;0070;CHE MICHOUN;31500;TOULOUSE;No;No;No;No;No;No;No;No;No;Yes;No;No;4 - Toulouse Est;4.1 - Bonnefoy - Roseraie - Gramont;1576383.0002;2270732.9999;1.46820949127412;43.6265640691502
MAISON DE QUARTIER CROIX DAURADE;Mairie de Toulouse - DGA Culture;0007;RUE FRANCIS LOPEZ;31200;TOULOUSE;No;No;No;No;No;No;No;No;No;Yes;No;No;3 - Toulouse Nord;3.4 - Trois Cocus - Borderouge - Croix Daurade - Paleficat;1575963.9998;2271844;1.46276675332945;43.6364933138223
MAISON DE QUARTIER DE L'HERS;Association;0056;CHE DU CHATEAU DE L HERS;31500;TOULOUSE;No;No;No;No;No;No;No;No;No;Yes;No;No;4 - Toulouse Est;4.3 - Côte Pavée - l’Hers - La Terrasse;1577608.0002;2267801.0002;1.48404121036693;43.600378135137
MAISON DE QUARTIER DE POUVOURVILLE;Association;0004;IMP DE SARRANGINES;31400;TOULOUSE;No;No;No;No;No;No;No;No;No;Yes;No;No;5 - Toulouse Sud-Est;5.2 - Rangueil - Sauzelong - Pech David - Pouvourville;1574798;2262299.0002;1.45050090708318;43.5504020125083
MAISON DE QUARTIER DES ARENES ROMAINES;Mairie de Toulouse - DGA Culture;0107;AV DES ARENES ROMAINES;31300;TOULOUSE;No;No;No;No;No;No;No;No;No;Yes;No;No;6 - Toulouse Ouest;6.1 - Arènes Romaines - Saint Martin du Touch;1570608.0002;2269563.9999;1.39694238912572;43.6150742596555
MAISON DE QUARTIER DES PRADETTES;Mairie de Toulouse - DGA Culture;TOUT;RUE FERDINAND DE LESSEPS;31100;TOULOUSE;No;No;No;No;No;No;No;No;No;Yes;No;No;6 - Toulouse Ouest;6.2 - Lardenne - Pradettes - Basso Cambo;1569467.9998;2265572;1.38377359861781;43.5789529601741
MAISON DE QUARTIER DU GRAND SELVE;Mairie de Toulouse - DGA Culture;TOUT;ALL DE GRAND SELVE;31200;TOULOUSE;No;No;No;No;No;No;No;No;No;Yes;No;No;3 - Toulouse Nord;3.3 - Lalande - Grand Selve;1575020.9997;2273265;1.45075763788468;43.6491252109703
MAISON DE QUARTIER ESCOUSSIERES ARNAUD-BERNARD;Association;0003;RUE ESCOUSSIERES A BERNARD;31000;TOULOUSE;No;No;No;No;No;No;No;No;No;Yes;No;No;1 - Toulouse Centre;1.1 - Capitole;1574192.0002;2269007.0001;1.44146279720141;43.6106686927284
MAISON DE QUARTIER FONTAINE-LESTANG;Association;0059;RUE VESTREPAIN;31100;TOULOUSE;No;No;No;No;No;No;No;No;No;Yes;No;No;2 - Rive Gauche;2.3 - Fontaine Lestang - Bagatelle - Papus - Tabar - Bordelongue;1572134.0002;2266431.9997;1.41657501289902;43.5871492501172
MAISON DE QUARTIER LA VACHE;Mairie de Toulouse - DGA Culture;0006;RUE MARGUERITE DURAS;31200;TOULOUSE;No;No;No;No;No;No;No;No;No;Yes;No;No;3 - Toulouse Nord;3.1 - Minimes - Barrière de Paris;1573781.9997;2271581.9998;1.43579090494853;43.6337730248219
MAISON DE QUARTIER LALANDE;Association;0001;CHE DE L EGLISE DE LALANDE;31200;TOULOUSE;No;No;No;No;No;No;No;No;No;Yes;No;No;3 - Toulouse Nord;3.2 - Sept Deniers - Ginestous;1573583.0002;2273030.9998;1.43299037580216;43.6467793765704
MAISON DE QUARTIER MATABIAU;Association;0007;BD MATABIAU;31000;TOULOUSE;No;No;No;No;No;No;No;No;No;Yes;No;No;1 - Toulouse Centre;1.3 - Les Chalets - St Aubin - St Etienne;1574799.0003;2269416.9999;1.44888696604006;43.6144594888387
MAISON DE QUARTIER RANGUEIL;Mairie de Toulouse - DGA Culture;0019;RUE CLAUDE DE FORBIN;31400;TOULOUSE;No;No;No;Yes;No;No;No;No;No;Yes;No;No;5 - Toulouse Sud-Est;5.2 - Rangueil - Sauzelong - Pech David - Pouvourville;1575933.9999;2264996.9997;1.46394643335382;43.5748702071173
MAISON DE QUARTIER RUE JEAN D'ALEMBERT;Association;0030;RUE JEAN D ALEMBERT;31100;TOULOUSE;No;No;No;No;No;No;No;No;No;Yes;No;No;6 - Toulouse Ouest;6.2 - Lardenne - Pradettes - Basso Cambo;1569600.0002;2266599.0001;1.38516320215386;43.588217992901
MAISON DES ASSOCIATIONS NIEL;Mairie de Toulouse - Autre Direction;0081;RUE SAINT ROCH;31400;TOULOUSE;No;No;No;Yes;No;No;No;No;No;Yes;No;No;5 - Toulouse Sud-Est;5.3 - Saint Michel - Le Busca - Empalot - Saint Agne;1574537.0001;2265458.9997;1.4465484255411;43.5787967154233
MEDIATHEQUE EMPALOT;Mairie de Toulouse - DGA Culture;0040;AV JEAN MOULIN;31400;TOULOUSE;Yes;No;No;No;No;No;No;No;No;No;No;No;5 - Toulouse Sud-Est;5.3 - Saint Michel - Le Busca - Empalot - Saint Agne;1574136.9998;2265474;1.44159341093597;43.5788650300633
MEDIATHEQUE GRAND M;Mairie de Toulouse - DGA Culture;0037;AV DE REYNERIE;31100;TOULOUSE;Yes;No;No;No;No;No;No;No;No;No;No;No;6 - Toulouse Ouest;6.3 - Mirail - Reynerie - Bellefontaine;1570820.0001;2264240.9997;1.4008234604728;43.5672078185714
MEDIATHEQUE JOSE CABANIS;Mairie de Toulouse - DGA Culture;0001;ALL JACQUES CHABAN DELMAS;31500;TOULOUSE;Yes;No;No;Yes;Yes;No;No;No;No;No;No;No;4 - Toulouse Est;4.2 - Jolimont - Soupetard - Bonhoure;1575319.0002;2268940.9999;1.45543619190099;43.6102620754043
MIX ART MYRYS;Association;0012;RUE FERDINAND LASSALLE;31200;TOULOUSE;No;No;No;No;No;Yes;No;No;No;No;No;No;3 - Toulouse Nord;3.1 - Minimes - Barrière de Paris;1572484.0002;2269871.0003;1.42010740474497;43.6181568617337
MJC ANCELY;Association;0007;ALL DES CAUSSES;31300;TOULOUSE;No;No;No;No;No;No;No;No;No;Yes;No;No;6 - Toulouse Ouest;6.1 - Arènes Romaines - Saint Martin du Touch;1570944.0002;2269997.0003;1.40100204517692;43.6190285179979
MJC CROIX DAURADE;Association;0141;CHE DE NICOL;31200;TOULOUSE;No;No;No;No;No;No;No;No;No;Yes;No;No;3 - Toulouse Nord;3.4 - Trois Cocus - Borderouge - Croix Daurade - Paleficat;1576227.0003;2271641;1.46607144244799;43.6347097433738
MJC EMPALOT;Association;0030;ALL HENRI SELLIER;31400;TOULOUSE;No;No;No;No;No;No;No;No;No;Yes;No;No;5 - Toulouse Sud-Est;5.3 - Saint Michel - Le Busca - Empalot - Saint Agne;1573896.9999;2265314.0003;1.43865928607041;43.5773850306056
MJC PONT DES DEMOISELLES;Association;0030;AV ANTOINE DE ST EXUPERY;31400;TOULOUSE;No;No;No;No;No;No;No;No;No;Yes;No;No;5 - Toulouse Sud-Est;5.1 - Pont des Demoiselles - Montaudran - La Terrasse;1575849.0003;2266326.9997;1.46259297961676;43.586825379941
MJC PREVERT;Association;0292;RTE DE SEYSSES;31100;TOULOUSE;No;No;No;No;No;No;No;No;No;Yes;No;No;2 - Rive Gauche;2.3 - Fontaine Lestang - Bagatelle - Papus - Tabar - Bordelongue;1572314.0003;2264884.0001;1.41916419236911;43.5732488701835
MONUMENT DE LA RESISTANCE;Mairie de Toulouse - DGA Culture;TOUT;ALL FREDERIC MISTRAL;31400;TOULOUSE;No;Yes;No;No;No;No;No;No;No;No;No;No;5 - Toulouse Sud-Est;5.3 - Saint Michel - Le Busca - Empalot - Saint Agne;1575107.9999;2267001.9999;1.4532650889711;43.592777511886
MULLIGANS;Structure commerciale;0039;GRANDE-RUE SAINT MICHEL;31400;TOULOUSE;No;No;No;No;No;No;No;No;No;No;Yes;No;5 - Toulouse Sud-Est;5.3 - Saint Michel - Le Busca - Empalot - Saint Agne;1574584.0002;2266303.0002;1.44693706738318;43.5863999804101
MUSEE DE LA RESISTANCE ET DE LA DEPORTATION;Autre institution publique;0052;ALL DES DEMOISELLES;31400;TOULOUSE;No;Yes;No;No;No;No;No;No;No;No;No;No;5 - Toulouse Sud-Est;5.3 - Saint Michel - Le Busca - Empalot - Saint Agne;1575387.9999;2266583.9998;1.45682707196567;43.589062138235
MUSEE DE L'ABEILLE;Association;0040;CHE DE PECHBUSQUE;31400;TOULOUSE;No;Yes;No;No;No;No;No;No;No;No;No;No;5 - Toulouse Sud-Est;5.2 - Rangueil - Sauzelong - Pech David - Pouvourville;1575433.0001;2260414.0003;1.45878583186507;43.5335431312688
MUSEE DE L'HISTOIRE DE LA MEDECINE DE TOULOUSE;Association;0002;RUE VIGUERIE;31300;TOULOUSE;No;Yes;No;No;No;No;No;No;No;No;No;No;2 - Rive Gauche;2.1 - Saint Cyprien;1573767.9997;2267731.0002;1.43650555354195;43.599114742959
MUSEE DES AUGUSTINS - MUSEE DES BEAUX ARTS DE TOULOUSE;Mairie de Toulouse - DGA Culture;0021;RUE DE METZ;31000;TOULOUSE;No;Yes;No;No;No;No;No;No;No;No;No;No;1 - Toulouse Centre;1.1 - Capitole;1574528.9998;2267878.0002;1.44589537477986;43.6005647238109
MUSEE DES COMPAGNONS;Association;0002;RUE TRIPIERE;31000;TOULOUSE;No;Yes;No;No;No;No;No;No;No;No;No;No;1 - Toulouse Centre;1.1 - Capitole;1574246.9999;2267997.0002;1.44237595115615;43.6015886313484
MUSEE DES INSTRUMENTS DE MEDECINE DES HOPITAUX DE TOULOUSE;Structure commerciale;0002;RUE VIGUERIE;31300;TOULOUSE;No;Yes;No;No;No;No;No;No;No;No;No;No;2 - Rive Gauche;2.1 - Saint Cyprien;1573767.9997;2267731.0002;1.43650555354195;43.599114742959
MUSEE DES TRANSPORTS;Association;0093;AV JULES JULIEN;31400;TOULOUSE;No;Yes;No;No;No;No;No;No;No;No;No;No;5 - Toulouse Sud-Est;5.3 - Saint Michel - Le Busca - Empalot - Saint Agne;1574861;2265255.9997;1.45060555217345;43.5770236994413
MUSEE DU VIEUX TOULOUSE;Association;0007;RUE DU MAY;31000;TOULOUSE;No;Yes;No;No;No;No;No;No;No;No;No;No;1 - Toulouse Centre;1.1 - Capitole;1574309.0003;2268069.9997;1.44312698074796;43.6022559171114
MUSEE GEORGES-LABIT;Mairie de Toulouse - DGA Culture;TOUT;RUE DU JAPON;31400;TOULOUSE;No;Yes;No;No;No;No;No;No;No;No;No;No;5 - Toulouse Sud-Est;5.3 - Saint Michel - Le Busca - Empalot - Saint Agne;1575505;2266700.9999;1.45824906738118;43.5901343957966
MUSEE PAUL-DUPUY - ARTS GRAPHIQUES ET ARTS DECORATIFS;Mairie de Toulouse - DGA Culture;0013;RUE DE LA PLEAU;31000;TOULOUSE;No;Yes;No;No;No;No;No;No;No;No;No;No;1 - Toulouse Centre;1.1 - Capitole;1574603.9999;2267469;1.44691777045932;43.596896498431
MUSEE SAINT-RAYMOND - MUSEE DES ANTIQUES DE TOULOUSE;Mairie de Toulouse - DGA Culture;TOUT;PL SAINT SERNIN;31000;TOULOUSE;No;Yes;No;No;Yes;No;No;No;No;No;No;No;1 - Toulouse Centre;1.1 - Capitole;1574274.9999;2268734.9997;1.44255324199377;43.6082347497152
MUSEUM D'HISTOIRE NATURELLE;Mairie de Toulouse - DGA Culture;0035;ALL JULES GUESDE;31000;TOULOUSE;No;Yes;No;No;No;No;No;No;No;No;No;No;5 - Toulouse Sud-Est;5.3 - Saint Michel - Le Busca - Empalot - Saint Agne;1574763;2267164.0002;1.44895634201386;43.5941781533207
MUSIC'HALLE;Association;0023;RUE DANIELLE CASANOVA;31000;TOULOUSE;No;No;No;No;No;No;Yes;No;No;No;No;No;1 - Toulouse Centre;1.2 - Amidonniers - Caffarelli;1573798.0003;2269278.9998;1.4365202612212;43.6130505879744
NOUVEAU THEATRE JULES JULIEN;Mairie de Toulouse - DGA Culture;0006;AV DES ECOLES JULES JULIEN;31400;TOULOUSE;No;No;No;No;No;No;No;Yes;No;No;No;No;5 - Toulouse Sud-Est;5.2 - Rangueil - Sauzelong - Pech David - Pouvourville;1575102.0002;2264931.0002;1.45366285385084;43.5741388746755
O'BOHEME;Structure commerciale;0138;GRANDE-RUE SAINT MICHEL;31400;TOULOUSE;No;No;No;No;No;No;No;No;No;No;Yes;No;5 - Toulouse Sud-Est;5.3 - Saint Michel - Le Busca - Empalot - Saint Agne;1574455;2266818;1.44522197031199;43.5910131498549
OMBRES BLANCHES;Structure commerciale;0050;RUE LEON GAMBETTA;31000;TOULOUSE;No;No;No;Yes;No;No;No;No;No;No;No;No;1 - Toulouse Centre;1.1 - Capitole;1574241.9998;2268195.9997;1.44226833262418;43.603378645794
PAVILLON MAZAR;Association;0005;RUE DU PRIEURE;31000;TOULOUSE;No;No;No;No;No;No;No;Yes;No;No;No;No;1 - Toulouse Centre;1.1 - Capitole;1574166.0001;2268029;1.44136553434278;43.6018630847476
PENICHE LE CRI DE LA MOUETTE;Association;TOUT;ALL DE BARCELONE;31000;TOULOUSE;No;No;No;No;No;No;No;No;No;No;Yes;No;1 - Toulouse Centre;1.2 - Amidonniers - Caffarelli;1573147.9999;2268655.0002;1.42861405202911;43.6073259272314
PUERTO HABANA;Structure commerciale;0012;PORT SAINT ETIENNE;31000;TOULOUSE;No;No;No;No;No;No;No;No;No;No;Yes;No;4 - Toulouse Est;4.3 - Côte Pavée - l’Hers - La Terrasse;1575396.9998;2267689.0002;1.45668714040718;43.5990078771994
REST'O JAZZ;Structure commerciale;0008;RUE AMELIE;31000;TOULOUSE;No;No;No;No;No;No;No;No;No;No;Yes;No;1 - Toulouse Centre;1.3 - Les Chalets - St Aubin - St Etienne;1575309;2268419.9997;1.45543098810778;43.6055717983553
SAINT - PIERRE DES CUISINES - AUDITORIUM ET ESPACE DANSE;Mairie de Toulouse - DGA Culture;0012;PL SAINT PIERRE;31000;TOULOUSE;No;No;No;No;Yes;No;Yes;Yes;No;No;No;Yes;1 - Toulouse Centre;1.1 - Capitole;1573693.9999;2268284.0002;1.43546166833913;43.6040789306583
SALLE CUVIER;Mairie de Toulouse - Autre Direction;0001B;RUE FRANCIS LOPEZ;31200;TOULOUSE;No;No;No;No;Yes;No;No;No;No;No;No;No;3 - Toulouse Nord;3.4 - Trois Cocus - Borderouge - Croix Daurade - Paleficat;1576038.0003;2271805.0002;1.46369250794347;43.6361545304873
SALLE DES ILLUSTRES;Mairie de Toulouse - Autre Direction;0001;PL DU CAPITOLE;31000;TOULOUSE;No;No;No;No;Yes;No;No;No;No;No;No;No;1 - Toulouse Centre;1.1 - Capitole;1574386.9999;2268247.9999;1.44405207187261;43.6038707939495
SALLE DU CAP - PAUL SABATIER;Autre institution publique;0120;RTE DE NARBONNE;31400;TOULOUSE;No;No;No;No;No;No;No;Yes;No;No;No;No;6 - Toulouse Ouest;5.2 - Rangueil - Sauzelong - Pech David - Pouvourville;1575872.0002;2263480.9999;1.46352223472623;43.561216891294
SALLE DU PONT DES DEMOISELLES;Mairie de Toulouse - Autre Direction;0007;AV ANTOINE DE ST EXUPERY;31400;TOULOUSE;No;No;No;No;Yes;No;No;No;No;No;No;No;5 - Toulouse Sud-Est;5.1 - Pont des Demoiselles - Montaudran - La Terrasse;1575788.0002;2266382.0001;1.46182529285081;43.5873102980146
SALLE DU SENECHAL;Mairie de Toulouse - Autre Direction;0017;RUE DE REMUSAT;31000;TOULOUSE;No;No;No;No;Yes;No;No;No;No;No;No;No;1 - Toulouse Centre;1.1 - Capitole;1574409.0002;2268471.0003;1.44427337639255;43.6058812994207
SALLE ERNEST RENAN;Mairie de Toulouse - DGA Culture;0005;CHE D AUDIBERT;31200;TOULOUSE;No;No;No;No;No;No;No;Yes;No;No;No;No;3 - Toulouse Nord;3.4 - Trois Cocus - Borderouge - Croix Daurade - Paleficat;1574327.9997;2271893;1.44248443542542;43.636663064506
SALLE JEAN MERMOZ;Mairie de Toulouse - Autre Direction;0007;ALL GABRIEL BIENES;31400;TOULOUSE;No;No;No;No;Yes;No;No;No;No;No;No;No;5 - Toulouse Sud-Est;5.3 - Saint Michel - Le Busca - Empalot - Saint Agne;1573746.9997;2266100.9998;1.4366211761622;43.5844423855533
SALLE JEAN RANCY;Mairie de Toulouse - DGA Culture;0012;RUE JEAN RANCY;31000;TOULOUSE;No;No;No;No;Yes;No;No;No;No;No;No;No;1 - Toulouse Centre;1.1 - Capitole;1574218.9999;2269003.9999;1.44179788801069;43.6106462009551
SALLE LAFOURGUETTE;Mairie de Toulouse - DGA Culture;0028;RUE DE GIRONIS;31100;TOULOUSE;No;No;No;No;No;No;No;Yes;No;Yes;No;No;6 - Toulouse Ouest;6.5 - Lafourguette;1571858;2263876.0001;1.41375556246048;43.5641001944955
SALLE LAPUJADE;Mairie de Toulouse - Autre Direction;0016;RUE MICHEL ANGE;31200;TOULOUSE;No;No;No;No;Yes;No;No;No;No;No;No;No;4 - Toulouse Est;4.1 - Bonnefoy - Roseraie - Gramont;1575034.9997;2270094;1.4516555291655;43.6205911511649
SALLE LAVIT;Mairie de Toulouse - Autre Direction;0001;RUE LEON JOUHAUX;31500;TOULOUSE;No;No;No;No;Yes;No;No;No;No;No;No;No;4 - Toulouse Est;4.2 - Jolimont - Soupetard - Bonhoure;1575751.0003;2269268;1.46071244732688;43.6132761992247
SALLE LEONCE CASTELBOU;Mairie de Toulouse - DGA Culture;0022;RUE LEONCE CASTELBOU;31000;TOULOUSE;No;No;No;No;Yes;No;No;No;No;No;No;No;1 - Toulouse Centre;1.1 - Capitole;1573903.9999;2269007.9997;1.43789557723089;43.6106295451013
SALLE LIMAYRAC;Mairie de Toulouse - DGA Culture;0022;RUE XAVIER DARASSE;31500;TOULOUSE;No;No;No;No;No;No;No;Yes;No;Yes;No;No;4 - Toulouse Est;4.3 - Côte Pavée - l’Hers - La Terrasse;1577239.0001;2266595.9999;1.47974179972884;43.5894738822455
SALLE NOUGARO - LAC;Structure commerciale;0020;CHE DE GARRIC;31200;TOULOUSE;No;No;No;No;No;No;No;Yes;No;No;No;No;3 - Toulouse Nord;3.2 - Sept Deniers - Ginestous;1571532.9998;2270228.9999;1.40824351581014;43.621216983555
SALLE OSETE;Mairie de Toulouse - Autre Direction;0006;RUE LT COLONEL PELISSIER;31000;TOULOUSE;No;No;No;No;Yes;No;No;No;No;No;No;No;1 - Toulouse Centre;1.1 - Capitole;1574605.9998;2268193.0002;1.44677676396302;43.6034123114706
STUDIO DE REPETITION ALBAN MINVILLE;Mairie de Toulouse - DGA Culture;0001;PL MARTIN LUTHER KING;31100;TOULOUSE;No;No;No;No;No;No;No;No;No;No;No;Yes;6 - Toulouse Ouest;6.3 - Mirail - Reynerie - Bellefontaine;1570673.0001;2263946.9997;1.39907347161137;43.5645368269328
STUDIO DE REPETITION CITE DE L'HERS;Mairie de Toulouse - DGA Culture;0056;CHE DU CHATEAU DE L HERS;31500;TOULOUSE;No;No;No;No;No;No;No;No;No;No;No;Yes;4 - Toulouse Est;4.3 - Côte Pavée - l’Hers - La Terrasse;1577608.0002;2267801.0002;1.48404121036693;43.600378135137
STUDIO DE REPETITION DES CHAMOIS;Mairie de Toulouse - DGA Culture;0011;RUE DES CHAMOIS;31200;TOULOUSE;No;No;No;No;No;No;No;No;No;No;No;Yes;3 - Toulouse Nord;3.4 - Trois Cocus - Borderouge - Croix Daurade - Paleficat;1574367.0002;2272176.0002;1.44290267631934;43.639216331904
THEATRE 2 L'ACTE - LE RING;Association;0151;RTE DE BLAGNAC;31200; TOULOUSE;No;No;No;No;No;No;No;Yes;No;No;No;Yes;3 - Toulouse Nord;3.2 - Sept Deniers - Ginestous;1571294.9998;2270340.0003;1.40526920556992;43.6221752662732
THEATRE DE LA DIGUE;Association;0003;RUE DE LA DIGUE;31300;TOULOUSE;No;No;No;No;No;No;No;Yes;No;No;No;No;2 - Rive Gauche;2.2 - Croix de Pierre - Route d'Espagne;1573090;2266126.0003;1.42848171415781;43.5845570432665
THEATRE DE LA VIOLETTE;Association;0067;CHE PUJIBET;31200;TOULOUSE;No;No;No;No;No;No;No;Yes;No;No;No;No;3 - Toulouse Nord;3.4 - Trois Cocus - Borderouge - Croix Daurade - Paleficat;1575421;2272164.0001;1.45596574512203;43.6392834286229
THEATRE DE POCHE;Association;0010;RUE D EL ALAMEIN;31500;TOULOUSE;No;No;No;No;No;No;No;Yes;No;No;No;No;4 - Toulouse Est;4.1 - Bonnefoy - Roseraie - Gramont;1575228.0002;2270074.0003;1.45405086809205;43.6204431595961
THEATRE DU CAPITOLE;Mairie de Toulouse - DGA Culture;0001;PL DU CAPITOLE;31000;TOULOUSE;No;No;No;No;No;No;No;Yes;No;No;No;No;1 - Toulouse Centre;1.1 - Capitole;1574386.9999;2268247.9999;1.44405207187261;43.6038707939495
THEATRE DU CHIEN BLANC;Association;0025;RUE DU GEN JEAN COMPANS;31500;TOULOUSE;No;No;No;No;No;No;No;Yes;No;No;No;No;4 - Toulouse Est;4.2 - Jolimont - Soupetard - Bonhoure;1575417.9998;2268681.0003;1.45672149786144;43.6079386443329
THEATRE DU GRAND ROND;Association;0023;RUE DES POTIERS;31000; TOULOUSE;No;No;No;No;No;No;No;Yes;No;No;No;No;1 - Toulouse Centre;1.3 - Les Chalets - St Aubin - St Etienne;1575174.0001;2267649.9997;1.45393461368809;43.5986199957252
THEATRE DU HANGAR;Association;0011;RUE DES CHEMINOTS;31500;TOULOUSE;No;No;No;No;No;No;No;Yes;No;No;No;No;4 - Toulouse Est;4.1 - Bonnefoy - Roseraie - Gramont;1575242.9998;2269439.0002;1.45438141071724;43.6147311268542
THEATRE DU PAVE;Association;0034;RUE MARAN;31400;TOULOUSE;No;No;No;No;No;No;No;Yes;No;No;No;No;5 - Toulouse Sud-Est;5.3 - Saint Michel - Le Busca - Empalot - Saint Agne;1574628.0001;2265699.0003;1.44762000273419;43.5809717034957
THEATRE DU PONT NEUF;Association;0008;PL BENOIT ARZAC;31300;TOULOUSE;No;No;No;No;No;No;No;Yes;No;No;No;No;2 - Rive Gauche;2.1 - Saint Cyprien;1573503;2267498.0003;1.43327787347821;43.5969734811621
THEATRE GARONNE;Association;0001;AV DU CHATEAU D EAU;31300;TOULOUSE;No;No;No;No;No;No;No;Yes;No;No;No;Yes;2 - Rive Gauche;2.1 - Saint Cyprien;1572874.0003;2268149.0003;1.42533813651392;43.6027261448412
THEATRE LE FIL A PLOMB;Association;0030;RUE DE LA CHAINE;31000;TOULOUSE;No;No;No;No;No;No;No;Yes;No;No;No;No;1 - Toulouse Centre;1.1 - Capitole;1574005.9997;2268870.9999;1.43919041025051;43.6094137153294
THEATRE LE VENT DES SIGNES;Association;0006;IMP VARSOVIE;31300;TOULOUSE;No;No;No;No;No;No;No;Yes;No;No;No;No;2 - Rive Gauche;2.1 - Saint Cyprien;1573188;2267504;1.42937597590236;43.5969745352879
THEATRE LES 3 T;Structure commerciale;0040;RUE GABRIEL PERI;31000;TOULOUSE;No;No;No;No;No;No;No;Yes;No;No;No;No;1 - Toulouse Centre;1.3 - Les Chalets - St Aubin - St Etienne;1575328.9997;2268498;1.45566091234711;43.6062770539942
THEATRE NATIONAL DE TOULOUSE (TNT);Structure mixte;0001;RUE PIERRE BAUDIS;31000;TOULOUSE;No;No;No;No;No;No;Yes;Yes;No;No;No;No;1 - Toulouse Centre;1.1 - Capitole;1574852.0001;2268254.0003;1.44980927300236;43.6040021633885
THEATRE SORANO;Mairie de Toulouse - DGA Culture;0035;ALL JULES GUESDE;31000;TOULOUSE;No;No;No;No;No;No;No;Yes;No;No;No;No;5 - Toulouse Sud-Est;5.3 - Saint Michel - Le Busca - Empalot - Saint Agne;1574763;2267164.0002;1.44895634201386;43.5941781533207
UGC CINEMA;Structure commerciale;0009;ALL DU PRESIDENT ROOSEVELT;31000;TOULOUSE;No;No;Yes;No;No;No;No;No;No;No;No;No;1 - Toulouse Centre;1.1 - Capitole;1574715.0003;2268429.0003;1.44807262148007;43.6055542698901
ZENITH;Structure commerciale;0011;AV RAYMOND BADIOU;31300;TOULOUSE;No;No;No;No;No;No;No;Yes;No;No;No;No;2 - Rive Gauche;2.4 - Fontaine Bayonne - Cartoucherie;1571497.0002;2267784;1.40837146109601;43.5992078756045
